{
  "width": 197,
  "height": 197,
  "resolution": 0.05000000074505806,
  "origin": [
    -4.914339522927905,
    -4.914675739934984
  ],
  "frame": "map"
}